.id,time,sym,parameters,side,quantity,price,                    commission,pct_return (excl commission), pct_returns ( incl commission)
6138bba3e02f1fc01485fe74,2021-09-08 09:33:23,AMD,tsrh_dc-2m_emkt_pog,buy,17.503454629,108.55,0,,
6138bba4e02f1fc01485fe76,2021-09-08 09:33:24,AAPL,tsrh_dc-2m_emkt_pog,buy,9.825076609,156.64,0,,
6138bbdde02f1fc01485fe78,2021-09-08 09:34:21,AAPL,tsrh_dc-1h_emkt_pog,buy,12.139023767,156.52,0,,
6138bbdee02f1fc01485fe7a,2021-09-08 09:34:22,TSLA,tsrh_dc-1d_emkt_pog,buy,2.507588755,757.7,0,,
6138bbdfe02f1fc01485fe7c,2021-09-08 09:34:23,AAPL,tsrh_dc-1d_emkt_pog,buy,9.827586207,156.6,0,,
6138bcf7d906ba2f1ac7f13b,2021-09-08 09:39:03,TSLA,tsrh_dc-2m_emkt_pog,buy,1.644708024,757.94,0,,
6138bcf8d906ba2f1ac7f13d,2021-09-08 09:39:04,MSFT,tsrh_dc-2m_emkt_pog,buy,3.371299456,299.51,0,,
6138bdb81804d900ded25862,2021-09-08 09:42:16,AMD,tsrh_dc-2m_emkt_pog,buy,17.594221687,107.99,0,,
6138bdb91804d900ded25864,2021-09-08 09:42:17,MSFT,tsrh_dc-2m_emkt_pog,buy,5.144163597,299.174,0,,
6138bdbb1804d900ded25866,2021-09-08 09:42:19,TSLA,tsrh_dc-1d_emkt_pog,buy,2.503557687,758.92,0,,
6138bdbc1804d900ded25868,2021-09-08 09:42:20,AAPL,tsrh_dc-1d_emkt_pog,buy,9.878682843,155.79,0,,
6138bdfd1804d900ded2586a,2021-09-08 09:43:25,NVDA,tsrh_dc-2m_emkt_pog,buy,5.569858362,223.81,0,,
6138be713b8fe77200dd9e0a,2021-09-08 09:45:21,MSFT,tsrh_dc-2m_emkt_pog,sell,5.144163597,299.47,0,0.000989390789306821,0.000989390789306821
6138bed83b8fe77200dd9e0c,2021-09-08 09:47:04,AMD,tsrh_dc-2m_emkt_pog,sell,17.594221687,107.85,0,-0.0012964163348457847,-0.0012964163348457847
6138bed93b8fe77200dd9e0e,2021-09-08 09:47:05,TSLA,tsrh_dc-2m_emkt_pog,buy,0.470987071,756.935,0,,
6138bf1a3b8fe77200dd9e10,2021-09-08 09:48:10,TSLA,tsrh_dc-2m_emkt_pog,sell,0.470987071,756.4,0,-0.0007067978095872673,-0.0007067978095874894
6138bf1b3b8fe77200dd9e12,2021-09-08 09:48:11,NVDA,tsrh_dc-2m_emkt_pog,sell,5.569858362,223.72,0,-0.00040212680398554745,-0.0004021268039856585
6138c7268cd72c1da2283cc1,2021-09-08 10:22:30,TSLA,tsrh_dc-2m_emkt_pog,buy,2.081060596,760.83,0,,
6138c7278cd72c1da2283cc3,2021-09-08 10:22:31,TSLA,tsrh_dc-1d_emkt_pog,buy,2.081033244,760.84,0,,
6138c78a8cd72c1da2283cc5,2021-09-08 10:24:10,NVDA,tsrh_dc-2m_emkt_pog,buy,5.955395669,223.77,0,,
6138c7cd8cd72c1da2283cc7,2021-09-08 10:25:16,MSFT,tsrh_dc-2m_emkt_pog,buy,3.749791828,299.12,0,,
6138c7cd8cd72c1da2283cc9,2021-09-08 10:25:17,GOOG,tsrh_dc-2m_emkt_pog,buy,0.324904827,2905.605,0,,
6138c85b8cd72c1da2283ccb,2021-09-08 10:27:39,AAPL,tsrh_dc-2m_emkt_pog,buy,5.112413362,155.42,0,,
6138c9048cd72c1da2283ccd,2021-09-08 10:30:28,AAPL,tsrh_dc-2m_emkt_pog,sell,5.112413362,155.48,0,0.0003860507013253578,0.0003860507013253578
6138c9468cd72c1da2283ccf,2021-09-08 10:31:34,MSFT,tsrh_dc-2m_emkt_pog,sell,3.749791828,298.82,0,-0.001002941963091808,-0.001002941963091808
6138c9678cd72c1da2283cd1,2021-09-08 10:32:07,NVDA,tsrh_dc-2m_emkt_pog,sell,5.955395669,222.71,0,-0.00473700674800015,-0.004737006748000039
6138c9aa8cd72c1da2283cd3,2021-09-08 10:33:14,TSLA,tsrh_dc-2m_emkt_pog,sell,2.081060596,757.28,0,-0.004665956915474001,-0.00466595691547389
6138cad68cd72c1da2283cd5,2021-09-08 10:38:14,GOOG,tsrh_dc-2m_emkt_pog,sell,0.324904827,2895.915,0,-0.003334933688508901,-0.003334933688509012
6138d9388cd72c1da2283cd7,2021-09-08 11:39:36,AMD,tsrh_dc-2m_emkt_pog,buy,14.899156237,106.27,0,,
6138d9398cd72c1da2283cd9,2021-09-08 11:39:37,AAPL,tsrh_dc-2m_emkt_pog,buy,8.616014023,154.67,0,,
6138d93a8cd72c1da2283cdb,2021-09-08 11:39:38,MSFT,tsrh_dc-2m_emkt_pog,buy,3.760225725,298.29,0,,
6138d93b8cd72c1da2283cdd,2021-09-08 11:39:39,GOOG,tsrh_dc-2m_emkt_pog,buy,0.326472806,2891.65,0,,
6138d9628cd72c1da2283cdf,2021-09-08 11:40:18,AMD,tsrh_dc-2m_emkt_pog,buy,14.927249301,106.07,0,,
6138d9628cd72c1da2283ce1,2021-09-08 11:40:18,GOOG,tsrh_dc-2m_emkt_pog,buy,0.461064884,2890.35,0,,
6138d99554cd6452ca477fbb,2021-09-08 11:41:09,AAPL,tsrh_dc-2m_emkt_pog,buy,12.281835811,154.7,0,,
6138d9a48cd72c1da2283ce3,2021-09-08 11:41:24,GOOG,tsrh_dc-2m_emkt_pog,buy,0.443627332,2890.94,0,,
6138d9d654cd6452ca477fbd,2021-09-08 11:42:14,AMD,tsrh_dc-2m_emkt_pog,buy,12.216589646,106.03,0,,
6138da8254cd6452ca477fbf,2021-09-08 11:45:06,AAPL,tsrh_dc-2m_emkt_pog,sell,12.281835811,154.59,0,-0.0007110536522300093,-0.0007110536522301203
6138da8e8cd72c1da2283ce5,2021-09-08 11:45:18,GOOG,tsrh_dc-2m_emkt_pog,sell,0.443627332,2891.055,0,3.9779448898880077e-05,3.9779448898880077e-05
6138db0454cd6452ca477fc1,2021-09-08 11:47:16,AMD,tsrh_dc-2m_emkt_pog,sell,12.216589646,106.07,0,0.00037725172121083617,0.00037725172121083617
6138dc9f8cd72c1da2283ce7,2021-09-08 11:54:07,NVDA,tsrh_dc-2m_emkt_pog,buy,5.342276217,220.33,0,,
6138dd5954cd6452ca477fc3,2021-09-08 11:57:13,NVDA,tsrh_dc-2m_emkt_pog,sell,5.342276217,220.61,0,0.001270821041165604,0.001270821041165604
6138de4b54cd6452ca477fc5,2021-09-08 12:01:15,AAPL,tsrh_dc-2m_emkt_pog,buy,9.160089943,154.23,0,,
6138de4c54cd6452ca477fc7,2021-09-08 12:01:16,NVDA,tsrh_dc-2m_emkt_pog,buy,5.18902709,220.53,0,,
6138de518cd72c1da2283ce9,2021-09-08 12:01:21,GOOG,tsrh_dc-2m_emkt_pog,buy,0.267716224,2885.245,0,,
6138de8d54cd6452ca477fc9,2021-09-08 12:02:21,NVDA,tsrh_dc-2m_emkt_pog,sell,5.18902709,221.26,0,0.0033102072280415396,0.0033102072280415396
6138ded954cd6452ca477fcb,2021-09-08 12:03:37,AAPL,tsrh_dc-2m_emkt_pog,sell,9.160089943,154.39,0,0.0010374116579134895,0.0010374116579134895
6138df418cd72c1da2283ceb,2021-09-08 12:05:21,GOOG,tsrh_dc-2m_emkt_pog,sell,0.267716224,2885.255,0,3.46591017397202e-06,3.46591017397202e-06
6138e1178cd72c1da2283ced,2021-09-08 12:13:11,AMD,tsrh_dc-2m_emkt_pog,buy,8.786165704,106.25,0,,
6138e1178cd72c1da2283cef,2021-09-08 12:13:11,MSFT,tsrh_dc-2m_emkt_pog,buy,2.630733494,298.67,0,,
6138e15254cd6452ca477fcd,2021-09-08 12:14:10,NVDA,tsrh_dc-2m_emkt_pog,buy,3.566003345,222.54,0,,
6138e21454cd6452ca477fcf,2021-09-08 12:17:24,AAPL,tsrh_dc-2m_emkt_pog,buy,4.15459211,154.72,0,,
6138e2b654cd6452ca477fd1,2021-09-08 12:20:06,TSLA,tsrh_dc-2m_emkt_pog,buy,0.697589402,746.38,0,,
6138e3478cd72c1da2283cf1,2021-09-08 12:22:31,GOOG,tsrh_dc-2m_emkt_pog,buy,0.12152072,2892.1,0,,
6138e3df54cd6452ca477fd3,2021-09-08 12:25:03,MSFT,tsrh_dc-2m_emkt_pog,sell,2.630733494,298.93,0,0.0008705259985937186,0.0008705259985937186
6138e42054cd6452ca477fd5,2021-09-08 12:26:08,AMD,tsrh_dc-2m_emkt_pog,sell,8.786165704,106.34,0,0.000847058823529423,0.000847058823529423
6138e46754cd6452ca477fd7,2021-09-08 12:27:19,AMD,tsrh_dc-2m_emkt_pog,buy,6.410665795,106.37,0,,
6138e46754cd6452ca477fd9,2021-09-08 12:27:19,MSFT,tsrh_dc-2m_emkt_pog,buy,1.847294454,299,0,,
6138e54a54cd6452ca477fdb,2021-09-08 12:31:06,AMD,tsrh_dc-2m_emkt_pog,sell,6.410665795,106.4,0,0.00028203440819773995,0.00028203440819773995
6138e54b8cd72c1da2283cf3,2021-09-08 12:31:07,AMD,tsrh_dc-2m_emkt_pog,sell,6.410665795,106.38,0,9.401146939924665e-05,9.40114693990246e-05
6138e54b54cd6452ca477fdd,2021-09-08 12:31:07,TSLA,tsrh_dc-2m_emkt_pog,sell,0.697589402,747.41,0,0.001379994104879545,0.001379994104879545
6138e54b8cd72c1da2283cf5,2021-09-08 12:31:07,TSLA,tsrh_dc-2m_emkt_pog,sell,0.697589402,747.4,0,0.0013665961038613617,0.0013665961038611396
6138e5d254cd6452ca477fdf,2021-09-08 12:33:22,MSFT,tsrh_dc-2m_emkt_pog,sell,1.847294454,298.94,0,-0.00020066889632108786,-0.00020066889632097684
6138e5d354cd6452ca477fe1,2021-09-08 12:33:23,NVDA,tsrh_dc-2m_emkt_pog,sell,3.566003345,222.77,0,0.0010335220634494213,0.0010335220634491993
6138e68554cd6452ca477fe3,2021-09-08 12:36:21,AAPL,tsrh_dc-2m_emkt_pog,sell,4.15459211,154.5,0,-0.0014219234746638554,-0.0014219234746640774
6138e76854cd6452ca477fe5,2021-09-08 12:40:08,AMD,tsrh_dc-2m_emkt_pog,buy,5.60430457,106.45,0,,
6138e83554cd6452ca477fe7,2021-09-08 12:43:33,AMD,tsrh_dc-2m_emkt_pog,sell,5.60430457,106.32,0,-0.0012212306247064708,-0.0012212306247066929
6138e85654cd6452ca477fe9,2021-09-08 12:44:06,AMD,tsrh_dc-2m_emkt_pog,buy,5.605110377,106.41,0,,
6138e89954cd6452ca477feb,2021-09-08 12:45:13,AMD,tsrh_dc-2m_emkt_pog,sell,5.605110377,106.36,0,-0.0004698806503148356,-0.0004698806503148356
6138e98654cd6452ca477fed,2021-09-08 12:49:10,AMD,tsrh_dc-2m_emkt_pog,buy,5.606717558,106.37,0,,
6138ea4f54cd6452ca477fef,2021-09-08 12:52:31,AMD,tsrh_dc-2m_emkt_pog,sell,5.606717558,106.42,0,0.00047005734699623325,0.0004700573469964553
6138ebdd54cd6452ca477ff1,2021-09-08 12:59:09,MSFT,tsrh_dc-2m_emkt_pog,buy,1.996384424,298.76,0,,
6138ecdd54cd6452ca477ff3,2021-09-08 13:03:25,MSFT,tsrh_dc-2m_emkt_pog,sell,1.996384424,298.75,0,-3.3471682956198734e-05,-3.3471682956198734e-05
6138ed3f54cd6452ca477ff5,2021-09-08 13:05:03,NVDA,tsrh_dc-2m_emkt_pog,buy,2.676040997,222.88,0,,
6138edcb54cd6452ca477ff7,2021-09-08 13:07:23,AMD,tsrh_dc-2m_emkt_pog,buy,4.534996471,106.53,0,,
6138ee4d54cd6452ca477ff9,2021-09-08 13:09:33,AAPL,tsrh_dc-2m_emkt_pog,buy,2.533974428,154.43,0,,
6138eef654cd6452ca477ffb,2021-09-08 13:12:22,MSFT,tsrh_dc-2m_emkt_pog,buy,1.061202429,298.69,0,,
6138ef5d54cd6452ca477ffd,2021-09-08 13:14:05,MSFT,tsrh_dc-2m_emkt_pog,sell,1.061202429,298.63,0,-0.00020087716361449903,-0.000200877163614388
6138ef5e54cd6452ca477fff,2021-09-08 13:14:06,NVDA,tsrh_dc-2m_emkt_pog,sell,2.676040997,222.76,0,-0.0005384063173008435,-0.0005384063173008435
6138f04254cd6452ca478001,2021-09-08 13:17:53,AMD,tsrh_dc-2m_emkt_pog,sell,4.534996471,106.21,0,-0.0030038486811228005,-0.0030038486811226894
6138f04254cd6452ca478003,2021-09-08 13:17:54,TSLA,tsrh_dc-2m_emkt_pog,buy,0.697410204,748.105,0,,
6138f11054cd6452ca478005,2021-09-08 13:21:20,MSFT,tsrh_dc-2m_emkt_pog,buy,1.414439417,298.78,0,,
6138f11154cd6452ca478007,2021-09-08 13:21:21,NVDA,tsrh_dc-2m_emkt_pog,buy,1.535027038,223,0,,
6138f1b854cd6452ca478009,2021-09-08 13:24:08,AAPL,tsrh_dc-2m_emkt_pog,sell,2.533974428,154.37,0,-0.00038852554555468544,-0.0003885255455545744
6138f1b954cd6452ca47800b,2021-09-08 13:24:09,MSFT,tsrh_dc-2m_emkt_pog,sell,1.414439417,298.63,0,-0.0005020416359862168,-0.0005020416359862168
6138f1fb54cd6452ca47800d,2021-09-08 13:25:15,NVDA,tsrh_dc-2m_emkt_pog,sell,1.535027038,222.79,0,-0.0009417040358744577,-0.0009417040358745687
6138f28c54cd6452ca47800f,2021-09-08 13:27:40,TSLA,tsrh_dc-2m_emkt_pog,sell,0.697410204,749.975,0,0.002499649113426594,0.002499649113426816
6138f3d554cd6452ca478011,2021-09-08 13:33:09,NVDA,tsrh_dc-2m_emkt_pog,buy,2.669612329,223.33,0,,
6138f4d754cd6452ca478013,2021-09-08 13:37:27,AMD,tsrh_dc-2m_emkt_pog,buy,4.53579095,106.47,0,,
6138f51854cd6452ca478015,2021-09-08 13:38:32,AAPL,tsrh_dc-2m_emkt_pog,buy,2.529714716,154.63,0,,
6138f51954cd6452ca478017,2021-09-08 13:38:33,MSFT,tsrh_dc-2m_emkt_pog,buy,1.059938873,298.93,0,,
6138f57c54cd6452ca478019,2021-09-08 13:40:12,TSLA,tsrh_dc-2m_emkt_pog,buy,0.341992414,750.445,0,,
6138f73554cd6452ca47801b,2021-09-08 13:47:32,TSLA,tsrh_dc-2m_emkt_pog,sell,0.341992414,750.94,0,0.0006596086322114836,0.0006596086322114836
6138f79754cd6452ca47801d,2021-09-08 13:49:10,NVDA,tsrh_dc-2m_emkt_pog,sell,2.669612329,223.42,0,0.00040299108941921347,0.00040299108941921347
6138f7dd54cd6452ca47801f,2021-09-08 13:50:21,AMD,tsrh_dc-2m_emkt_pog,sell,4.53579095,106.61,0,0.0013149243918475495,0.0013149243918475495
6138f7de54cd6452ca478021,2021-09-08 13:50:22,MSFT,tsrh_dc-2m_emkt_pog,sell,1.059938873,299.06,0,0.00043488442110195535,0.00043488442110195535
6138f82054cd6452ca478023,2021-09-08 13:51:28,AAPL,tsrh_dc-2m_emkt_pog,sell,2.529714716,154.84,0,0.0013580805794477513,0.0013580805794477513
6138f90a54cd6452ca478025,2021-09-08 13:55:22,NVDA,tsrh_dc-2m_emkt_pog,buy,2.67286542,223.18,0,,
6138f97654cd6452ca478027,2021-09-08 13:57:10,AAPL,tsrh_dc-2m_emkt_pog,buy,3.121983489,154.77,0,,
6138f9b854cd6452ca478029,2021-09-08 13:58:16,AMD,tsrh_dc-2m_emkt_pog,buy,3.678761176,106.39,0,,
6138fa3c54cd6452ca47802b,2021-09-08 14:00:28,MSFT,tsrh_dc-2m_emkt_pog,buy,1.060979101,298.8,0,,
6138fa3d54cd6452ca47802d,2021-09-08 14:00:29,NVDA,tsrh_dc-2m_emkt_pog,sell,2.67286542,223.17,0,-4.480688233721164e-05,-4.480688233721164e-05
6138fa6354cd6452ca47802f,2021-09-08 14:01:07,MSFT,tsrh_dc-2m_emkt_pog,sell,1.060979101,298.87,0,0.00023427041499335388,0.00023427041499335388
6138fa8454cd6452ca478031,2021-09-08 14:01:40,AAPL,tsrh_dc-2m_emkt_pog,sell,3.121983489,154.84,0,0.00045228403437347353,0.00045228403437347353
6138faf054cd6452ca478033,2021-09-08 14:03:28,AMD,tsrh_dc-2m_emkt_pog,sell,3.678761176,106.54,0,0.0014099069461415148,0.0014099069461415148
6138fb5354cd6452ca478035,2021-09-08 14:05:07,TSLA,tsrh_dc-2m_emkt_pog,buy,0.79198506,753.405,0,,
6138fb5854cd6452ca478037,2021-09-08 14:05:12,TSLA,tsrh_dc-1d_emkt_pog,buy,2.521699891,753.46,0,,
6138fcc254cd6452ca478039,2021-09-08 14:11:14,TSLA,tsrh_dc-2m_emkt_pog,sell,0.79198506,753.115,0,-0.000384919133799122,-0.000384919133799011
6138fda854cd6452ca47803b,2021-09-08 14:15:04,MSFT,tsrh_dc-1h_emkt_pog,buy,6.350691891,299.18,0,,
6138fda954cd6452ca47803d,2021-09-08 14:15:05,NVDA,tsrh_dc-1h_emkt_pog,buy,6.887446856,223.45,0,,
6138fe2c54cd6452ca47803f,2021-09-08 14:17:16,TSLA,tsrh_dc-2m_emkt_pog,buy,0.792926973,752.455,0,,
6138fe2d54cd6452ca478041,2021-09-08 14:17:17,AAPL,tsrh_dc-2m_emkt_pog,buy,3.121761587,154.81,0,,
6138fe2e54cd6452ca478043,2021-09-08 14:17:18,NVDA,tsrh_dc-2m_emkt_pog,buy,1.754467229,223.12,0,,
6138fe6f54cd6452ca478045,2021-09-08 14:18:23,AMD,tsrh_dc-2m_emkt_pog,buy,2.977835742,106.48,0,,
6138fe7054cd6452ca478047,2021-09-08 14:18:24,MSFT,tsrh_dc-2m_emkt_pog,buy,0.859209017,298.92,0,,
6139000654cd6452ca478049,2021-09-08 14:25:10,NVDA,tsrh_dc-2m_emkt_pog,sell,1.754467229,223.2,0,0.00035855145213337103,0.000358551452133149
6139004c54cd6452ca47804b,2021-09-08 14:26:20,AMD,tsrh_dc-2m_emkt_pog,sell,2.977835742,106.44,0,-0.00037565740045086837,-0.00037565740045075735
613900f054cd6452ca47804d,2021-09-08 14:29:04,TSLA,tsrh_dc-2m_emkt_pog,sell,0.792926973,752.365,0,-0.00011960848157033244,-0.00011960848157044346
6139013254cd6452ca47804f,2021-09-08 14:30:10,AAPL,tsrh_dc-2m_emkt_pog,sell,3.121761587,154.8,0,-6.459531038038868e-05,-6.459531038027766e-05
613901b554cd6452ca478051,2021-09-08 14:32:21,MSFT,tsrh_dc-2m_emkt_pog,sell,0.859209017,298.825,0,-0.00031781078549453223,-0.00031781078549453223
6139038d54cd6452ca478053,2021-09-08 14:40:13,NVDA,tsrh_dc-2m_emkt_pog,buy,2.6720302,223.28,0,,
613903d954cd6452ca478055,2021-09-08 14:41:29,TSLA,tsrh_dc-2m_emkt_pog,buy,0.64216071,752.545,0,,
613904be54cd6452ca478057,2021-09-08 14:45:18,AAPL,tsrh_dc-2m_emkt_pog,buy,2.528495662,154.81,0,,
6139055a54cd6452ca478059,2021-09-08 14:47:54,AAPL,tsrh_dc-2m_emkt_pog,sell,2.528495662,154.71,0,-0.000645953103804664,-0.000645953103804664
6139055b54cd6452ca47805b,2021-09-08 14:47:55,NVDA,tsrh_dc-2m_emkt_pog,sell,2.6720302,223.2,0,-0.00035829451809388235,-0.00035829451809388235
6139088954cd6452ca47805d,2021-09-08 15:01:29,TSLA,tsrh_dc-2m_emkt_pog,sell,0.64216071,751.89,0,-0.000870379844394642,-0.000870379844394531
61390a2854cd6452ca47805f,2021-09-08 15:08:24,NVDA,tsrh_dc-2m_emkt_pog,buy,2.669601333,223.42,0,,
61390ad754cd6452ca478061,2021-09-08 15:11:19,AAPL,tsrh_dc-2m_emkt_pog,buy,3.121524114,154.77,0,,
61390ad954cd6452ca478063,2021-09-08 15:11:21,MSFT,tsrh_dc-2m_emkt_pog,buy,1.309614178,298.81,0,,
61390b5f54cd6452ca478065,2021-09-08 15:13:35,AMD,tsrh_dc-2m_emkt_pog,buy,2.976839859,106.48,0,,
61390bc654cd6452ca478067,2021-09-08 15:15:18,TSLA,tsrh_dc-2m_emkt_pog,buy,0.340841209,753.28,0,,
61390bc754cd6452ca478069,2021-09-08 15:15:19,AMD,tsrh_dc-1h_emkt_pog,buy,11.710568342,106.45,0,,
61390bc854cd6452ca47806b,2021-09-08 15:15:20,TSLA,tsrh_dc-1h_emkt_pog,buy,1.340134712,753.46,0,,
61390cc154cd6452ca47806d,2021-09-08 15:19:29,AAPL,tsrh_dc-2m_emkt_pog,sell,3.121524114,154.77,0,0.0,0.0
61390cc754cd6452ca47806f,2021-09-08 15:19:35,MSFT,tsrh_dc-2m_emkt_pog,sell,1.309614178,298.89,0,0.0002677286570060833,0.0002677286570060833
61390cea54cd6452ca478071,2021-09-08 15:20:10,AMD,tsrh_dc-2m_emkt_pog,sell,2.976839859,106.36,0,-0.001126972201352383,-0.001126972201352272
61390ceb54cd6452ca478073,2021-09-08 15:20:11,NVDA,tsrh_dc-2m_emkt_pog,sell,2.669601333,223.65,0,0.0010294512577209147,0.0010294512577209147
61390d9f54cd6452ca478075,2021-09-08 15:23:11,MSFT,tsrh_dc-2m_emkt_pog,buy,1.832420264,298.91,0,,
61390da154cd6452ca478077,2021-09-08 15:23:13,NVDA,tsrh_dc-2m_emkt_pog,buy,1.983637129,223.66,0,,
61390e2d54cd6452ca478079,2021-09-08 15:25:33,AMD,tsrh_dc-2m_emkt_pog,buy,3.378759185,106.36,0,,
61390e5154cd6452ca47807b,2021-09-08 15:26:09,AAPL,tsrh_dc-2m_emkt_pog,buy,1.8790621,154.91,0,,
61390e9654cd6452ca47807d,2021-09-08 15:27:18,MSFT,tsrh_dc-2m_emkt_pog,sell,1.832420264,298.85,0,-0.00020072931651671233,-0.00020072931651682335
61390f5654cd6452ca47807f,2021-09-08 15:30:30,AMD,tsrh_dc-2m_emkt_pog,sell,3.378759185,106.33,0,-0.0002820609251598105,-0.0002820609251598105
61390ffb54cd6452ca478081,2021-09-08 15:33:15,TSLA,tsrh_dc-2m_emkt_pog,sell,0.340841209,752.23,0,-0.0013939039932030495,-0.0013939039932030495
61390ffc54cd6452ca478083,2021-09-08 15:33:16,AAPL,tsrh_dc-2m_emkt_pog,sell,1.8790621,154.78,0,-0.0008391969530694432,-0.0008391969530696652
6139100254cd6452ca478085,2021-09-08 15:33:22,NVDA,tsrh_dc-2m_emkt_pog,sell,1.983637129,223.35,0,-0.001386032370562451,-0.0013860323705625621
6139106854cd6452ca478087,2021-09-08 15:35:04,NVDA,tsrh_dc-2m_emkt_pog,buy,2.671324508,223.2,0,,
613910ae54cd6452ca478089,2021-09-08 15:36:14,MSFT,tsrh_dc-2m_emkt_pog,buy,1.616690993,298.73,0,,
613910f254cd6452ca47808b,2021-09-08 15:37:22,AAPL,tsrh_dc-2m_emkt_pog,buy,2.527901915,154.75,0,,
613910f354cd6452ca47808d,2021-09-08 15:37:23,NVDA,tsrh_dc-2m_emkt_pog,sell,2.671324508,223.11,0,-0.0004032258064514682,-0.0004032258064513572
613910f954cd6452ca47808f,2021-09-08 15:37:29,AAPL,tsrh_dc-1h_emkt_pog,buy,5.284536402,154.77,0,,
613911a854cd6452ca478091,2021-09-08 15:40:24,MSFT,tsrh_dc-2m_emkt_pog,sell,1.616690993,298.78,0,0.00016737522177212583,0.00016737522177190378
613911f354cd6452ca478093,2021-09-08 15:41:39,AAPL,tsrh_dc-2m_emkt_pog,sell,2.527901915,154.74,0,-6.462035541188182e-05,-6.462035541188182e-05
6139130c54cd6452ca478095,2021-09-08 15:46:20,MSFT,tsrh_dc-2m_emkt_pog,buy,1.993261696,299.11,0,,
6139137354cd6452ca478097,2021-09-08 15:48:03,MSFT,tsrh_dc-2m_emkt_pog,sell,1.993261696,299.12,0,3.34325164654814e-05,3.34325164654814e-05
613914a754cd6452ca478099,2021-09-08 15:53:11,TSLA,tsrh_dc-2m_emkt_pog,buy,0.791262383,753.49,0,,
613915d354cd6452ca47809b,2021-09-08 15:58:11,MSFT,tsrh_dc-2m_emkt_pog,buy,1.610728829,299.82,0,,
613a0ec58475645483b27ae7,2021-09-09 09:40:21,MSFT,tsrh_dc-4h_emkt_pog,buy,6.294934235,301.83,0,,
613a0f488475645483b27ae9,2021-09-09 09:42:32,AMD,tsrh_dc-2m_emkt_pog,buy,3.663347642,106.78,0,,
613a0f498475645483b27aeb,2021-09-09 09:42:33,AAPL,tsrh_dc-2m_emkt_pog,buy,2.042477481,155.13,0,,
613a0fab8475645483b27aed,2021-09-09 09:44:11,AAPL,tsrh_dc-2m_emkt_pog,sell,2.042477481,154.9,0,-0.0014826274737316236,-0.0014826274737317346
613a0ff78475645483b27aef,2021-09-09 09:45:27,AAPL,tsrh_dc-2m_emkt_pog,buy,2.042823909,155.06,0,,
613a10008475645483b27af1,2021-09-09 09:45:36,MSFT,tsrh_dc-2m_emkt_pog,sell,1.610728829,301.85,0,0.006770729104129236,0.006770729104129236
613a10218475645483b27af3,2021-09-09 09:46:09,NVDA,tsrh_dc-2m_emkt_pog,buy,1.552629755,224.75,0,,
613a114f8475645483b27af5,2021-09-09 09:51:11,AAPL,tsrh_dc-2m_emkt_pog,sell,2.042823909,155.01,0,-0.0003224558235522812,-0.00032245582355205915
613a11908475645483b27af7,2021-09-09 09:52:16,AMD,tsrh_dc-2m_emkt_pog,sell,3.663347642,106.76,0,-0.00018730099269526068,-0.00018730099269514966
613a11918475645483b27af9,2021-09-09 09:52:17,MSFT,tsrh_dc-2m_emkt_pog,buy,1.382356983,301.75,0,,
613a12bf8475645483b27afb,2021-09-09 09:57:19,NVDA,tsrh_dc-2m_emkt_pog,sell,1.552629755,223.61,0,-0.0050723025583981896,-0.0050723025583980785
613a14708475645483b27afd,2021-09-09 10:04:32,MSFT,tsrh_dc-2m_emkt_pog,sell,1.382356983,301.57,0,-0.0005965202982601836,-0.0005965202982601836
613a15138475645483b27aff,2021-09-09 10:07:15,AMD,tsrh_dc-2m_emkt_pog,buy,4.526696801,106.71,0,,
613a15558475645483b27b01,2021-09-09 10:08:21,AAPL,tsrh_dc-2m_emkt_pog,buy,2.516986109,155.45,0,,
613a15f88475645483b27b03,2021-09-09 10:11:04,TSLA,tsrh_dc-2m_emkt_pog,sell,0.791262383,758.915,0,0.007199830123823636,0.007199830123823636
613a163c8475645483b27b05,2021-09-09 10:12:12,AMD,tsrh_dc-2m_emkt_pog,sell,4.526696801,106.61,0,-0.0009371192952862817,-0.0009371192952862817
613a17e68475645483b27b07,2021-09-09 10:19:13,MSFT,tsrh_dc-2m_emkt_pog,buy,1.737510087,300.84,0,,
613a17e78475645483b27b09,2021-09-09 10:19:19,NVDA,tsrh_dc-2m_emkt_pog,buy,1.889491043,224.08,0,,
613a18298475645483b27b0b,2021-09-09 10:20:25,TSLA,tsrh_dc-2m_emkt_pog,buy,0.452771396,757.45,0,,
613a186f8475645483b27b0d,2021-09-09 10:21:35,AAPL,tsrh_dc-2m_emkt_pog,sell,2.516986109,155.28,0,-0.001093599228047526,-0.001093599228047526
613a18918475645483b27b0f,2021-09-09 10:22:09,AMD,tsrh_dc-2m_emkt_pog,buy,3.302842825,106.59,0,,
613a19148475645483b27b11,2021-09-09 10:24:20,AMD,tsrh_dc-2m_emkt_pog,sell,3.302842825,106.44,0,-0.0014072614691810204,-0.0014072614691810204
613a195b8475645483b27b13,2021-09-09 10:25:31,TSLA,tsrh_dc-2m_emkt_pog,sell,0.452771396,756.53,0,-0.00121460162386966,-0.00121460162386966
613a195c8475645483b27b15,2021-09-09 10:25:32,MSFT,tsrh_dc-2m_emkt_pog,sell,1.737510087,300.65,0,-0.0006315649514692101,-0.0006315649514693211
613a1ac08475645483b27b17,2021-09-09 10:31:28,NVDA,tsrh_dc-2m_emkt_pog,sell,1.889491043,224.35,0,0.0012049268118528023,0.0012049268118528023
613a1c148475645483b27b19,2021-09-09 10:37:08,AAPL,tsrh_dc-2m_emkt_pog,buy,3.835438664,155.61,0,,
613a1d838475645483b27b1b,2021-09-09 10:43:15,MSFT,tsrh_dc-2m_emkt_pog,buy,1.608445616,300.56,0,,
613a1e068475645483b27b1d,2021-09-09 10:45:26,AMD,tsrh_dc-2m_emkt_pog,buy,3.672686885,106.62,0,,
613a1e078475645483b27b1f,2021-09-09 10:45:27,NVDA,tsrh_dc-2m_emkt_pog,buy,1.414851099,224.18,0,,
613a1e698475645483b27b21,2021-09-09 10:47:05,NVDA,tsrh_dc-2m_emkt_pog,sell,1.414851099,224.1,0,-0.0003568560977785795,-0.00035685609777869054
613a1f2c8475645483b27b23,2021-09-09 10:50:20,MSFT,tsrh_dc-2m_emkt_pog,sell,1.608445616,300.12,0,-0.0014639339898855352,-0.0014639339898855352
613a1f6e8475645483b27b25,2021-09-09 10:51:26,TSLA,tsrh_dc-2m_emkt_pog,buy,0.539787039,757.48,0,,
613a1f6f8475645483b27b27,2021-09-09 10:51:27,AAPL,tsrh_dc-2m_emkt_pog,sell,3.835438664,155.3,0,-0.001992159886896716,-0.001992159886896716
613a1fd18475645483b27b29,2021-09-09 10:53:05,AMD,tsrh_dc-2m_emkt_pog,sell,3.672686885,106.77,0,0.0014068655036578726,0.0014068655036576505
613a21b28475645483b27b2b,2021-09-09 11:01:06,TSLA,tsrh_dc-2m_emkt_pog,sell,0.539787039,758.3,0,0.0010825368326554674,0.0010825368326554674
613a21f38475645483b27b2d,2021-09-09 11:02:11,NVDA,tsrh_dc-2m_emkt_pog,buy,2.666187781,223.78,0,,
613a227e8475645483b27b2f,2021-09-09 11:04:30,NVDA,tsrh_dc-2m_emkt_pog,sell,2.666187781,223.74,0,-0.0001787469836446176,-0.00017874698364450659
613a22a68475645483b27b31,2021-09-09 11:05:10,AMD,tsrh_dc-2m_emkt_pog,buy,5.598378894,106.57,0,,
613a22e88475645483b27b33,2021-09-09 11:06:16,NVDA,tsrh_dc-2m_emkt_pog,buy,2.160407633,223.69,0,,
613a23cd8475645483b27b35,2021-09-09 11:10:05,AMD,tsrh_dc-2m_emkt_pog,sell,5.598378894,106.8,0,0.002158205874073449,0.002158205874073449
613a23ce8475645483b27b37,2021-09-09 11:10:06,TSLA,tsrh_dc-2m_emkt_pog,buy,0.665648538,758.725,0,,
613a245a8475645483b27b39,2021-09-09 11:12:26,NVDA,tsrh_dc-2m_emkt_pog,sell,2.160407633,223.6,0,-0.00040234252760518174,-0.00040234252760518174
613a249c8475645483b27b3b,2021-09-09 11:13:32,MSFT,tsrh_dc-2m_emkt_pog,buy,1.670675615,299.8,0,,
613a24fe8475645483b27b3d,2021-09-09 11:15:10,MSFT,tsrh_dc-2m_emkt_pog,sell,1.670675615,299.73,0,-0.0002334889926617345,-0.00023348899266184553
613a24ff8475645483b27b3f,2021-09-09 11:15:11,MSFT,tsrh_dc-1h_emkt_pog,sell,6.350691891,299.73,0,0.00183835817902267,0.001838358179022892
613a25428475645483b27b41,2021-09-09 11:16:17,AAPL,tsrh_dc-1h_emkt_pog,sell,5.284536402,155.31,0,0.0034890482651677157,0.0034890482651674937
613a25e98475645483b27b43,2021-09-09 11:19:05,AAPL,tsrh_dc-2m_emkt_pog,buy,3.225855529,155.26,0,,
613a26818475645483b27b45,2021-09-09 11:21:37,AMD,tsrh_dc-2m_emkt_pog,buy,3.805918382,106.5933333333333333,0,,
613a26a28475645483b27b47,2021-09-09 11:22:10,TSLA,tsrh_dc-2m_emkt_pog,sell,0.665648538,756.6,0,-0.0028007512603380746,-0.0028007512603381857
613a27918475645483b27b49,2021-09-09 11:26:09,AAPL,tsrh_dc-2m_emkt_pog,sell,3.225855529,154.89,0,-0.0023830993172743176,-0.0023830993172742065
613a27d38475645483b27b4b,2021-09-09 11:27:15,TSLA,tsrh_dc-2m_emkt_pog,buy,0.686089286,756.795,0,,
613a28bd8475645483b27b4d,2021-09-09 11:31:09,AMD,tsrh_dc-2m_emkt_pog,sell,3.805918382,106.56,0,-0.00031271499155671734,-0.0003127149915566063
613a28be8475645483b27b4f,2021-09-09 11:31:10,TSLA,tsrh_dc-2m_emkt_pog,sell,0.686089286,756.13,0,-0.000878705593985063,-0.000878705593985063
613a2c42af082e9cb6fe48b7,2021-09-09 11:46:10,TSLA,tsrh_dc-1h_emkt_pog,sell,1.340134712,755.75,0,0.0030393119740927954,0.0030393119740927954
613a2c84af082e9cb6fe48b9,2021-09-09 11:47:16,NVDA,tsrh_dc-2m_emkt_pog,buy,2.668987376,223.38,0,,
613a2d6daf082e9cb6fe48bb,2021-09-09 11:51:09,TSLA,tsrh_dc-2m_emkt_pog,buy,0.639706328,754.91,0,,
613a2d73af082e9cb6fe48bd,2021-09-09 11:51:15,AAPL,tsrh_dc-2m_emkt_pog,buy,2.524627406,154.94,0,,
613a2db5af082e9cb6fe48bf,2021-09-09 11:52:21,MSFT,tsrh_dc-2m_emkt_pog,buy,1.059254727,299.12,0,,
613a2f23af082e9cb6fe48c1,2021-09-09 11:58:27,TSLA,tsrh_dc-2m_emkt_pog,sell,0.639706328,755.105,0,0.0002583089374892378,0.0002583089374892378
613a2f8daf082e9cb6fe48c3,2021-09-09 12:00:13,AAPL,tsrh_dc-2m_emkt_pog,sell,2.524627406,154.91,0,-0.00019362333806638432,-0.00019362333806638432
613a2fd0af082e9cb6fe48c5,2021-09-09 12:01:20,MSFT,tsrh_dc-2m_emkt_pog,sell,1.059254727,299.31,0,0.000635196576624697,0.000635196576624697
613a2fd1af082e9cb6fe48c7,2021-09-09 12:01:21,NVDA,tsrh_dc-2m_emkt_pog,sell,2.668987376,223.37,0,-4.476676515352551e-05,-4.476676515352551e-05
613a3079af082e9cb6fe48c9,2021-09-09 12:04:09,MSFT,tsrh_dc-2m_emkt_pog,buy,1.992983517,299.17,0,,
613a3141af082e9cb6fe48cb,2021-09-09 12:07:29,MSFT,tsrh_dc-2m_emkt_pog,sell,1.992983517,299.13,0,-0.00013370324564632163,-0.00013370324564643266
613a3290af082e9cb6fe48cd,2021-09-09 12:13:04,AMD,tsrh_dc-2m_emkt_pog,buy,5.595736576,106.55,0,,
613a3291af082e9cb6fe48cf,2021-09-09 12:13:05,AAPL,tsrh_dc-2m_emkt_pog,buy,3.118174348,154.88,0,,
613a3292af082e9cb6fe48d1,2021-09-09 12:13:06,MSFT,tsrh_dc-2m_emkt_pog,buy,1.307913013,299.09,0,,
613a3293af082e9cb6fe48d3,2021-09-09 12:13:07,NVDA,tsrh_dc-2m_emkt_pog,buy,1.41936391,223.24,0,,
613a32d4af082e9cb6fe48d5,2021-09-09 12:14:12,TSLA,tsrh_dc-2m_emkt_pog,buy,0.339453405,756.085,0,,
613a33a2af082e9cb6fe48d7,2021-09-09 12:17:38,MSFT,tsrh_dc-2m_emkt_pog,sell,1.307913013,299.08,0,-3.343475208128499e-05,-3.343475208128499e-05
613a3404af082e9cb6fe48d9,2021-09-09 12:19:16,AAPL,tsrh_dc-2m_emkt_pog,sell,3.118174348,154.99,0,0.0007102272727272929,0.0007102272727272929
613a3405af082e9cb6fe48db,2021-09-09 12:19:17,NVDA,tsrh_dc-2m_emkt_pog,sell,1.41936391,223.19,0,-0.00022397419817243858,-0.00022397419817243858
613a3406af082e9cb6fe48dd,2021-09-09 12:19:18,NVDA,tsrh_dc-1h_emkt_pog,sell,6.887446856,223.2,0,-0.0011188185276348461,-0.001118818527634735
613a353eaf082e9cb6fe48df,2021-09-09 12:24:30,AAPL,tsrh_dc-2m_emkt_pog,buy,2.79911993,155.13,0,,
613a35a0af082e9cb6fe48e1,2021-09-09 12:26:08,NVDA,tsrh_dc-2m_emkt_pog,buy,1.57399201,223.46,0,,
613a35e2af082e9cb6fe48e3,2021-09-09 12:27:14,AMD,tsrh_dc-2m_emkt_pog,sell,5.595736576,106.5,0,-0.000469263256686947,-0.000469263256686947
613a35e3af082e9cb6fe48e5,2021-09-09 12:27:15,AAPL,tsrh_dc-2m_emkt_pog,sell,2.79911993,155.09,0,-0.00025784825630115193,-0.0002578482563010409
613a36c7af082e9cb6fe48e7,2021-09-09 12:31:03,NVDA,tsrh_dc-2m_emkt_pog,sell,1.57399201,223.08,0,-0.0017005280587129024,-0.0017005280587130134
613a3795af082e9cb6fe48e9,2021-09-09 12:34:29,AAPL,tsrh_dc-2m_emkt_pog,buy,3.530655972,155.02,0,,
613a37b8af082e9cb6fe48eb,2021-09-09 12:35:04,AMD,tsrh_dc-2m_emkt_pog,buy,4.161951313,106.52,0,,
613a37b9af082e9cb6fe48ed,2021-09-09 12:35:05,MSFT,tsrh_dc-2m_emkt_pog,buy,1.200716065,299.07,0,,
613a383caf082e9cb6fe48ef,2021-09-09 12:37:16,TSLA,tsrh_dc-2m_emkt_pog,sell,0.339453405,757.62,0,0.0020301950177559203,0.0020301950177556982
613a383caf082e9cb6fe48f1,2021-09-09 12:37:16,NVDA,tsrh_dc-2m_emkt_pog,buy,1.521079361,223.35,0,,
613a38bfaf082e9cb6fe48f3,2021-09-09 12:39:27,MSFT,tsrh_dc-2m_emkt_pog,sell,1.200716065,299.31,0,0.0008024877119070517,0.0008024877119070517
613a38e5af082e9cb6fe48f5,2021-09-09 12:40:05,AMD,tsrh_dc-2m_emkt_pog,sell,4.161951313,106.58,0,0.0005632745024408692,0.0005632745024408692
613a392caf082e9cb6fe48f7,2021-09-09 12:41:16,AAPL,tsrh_dc-2m_emkt_pog,sell,3.530655972,155.16,0,0.0009031092762223913,0.0009031092762223913
613a396daf082e9cb6fe48f9,2021-09-09 12:42:21,NVDA,tsrh_dc-2m_emkt_pog,sell,1.521079361,223.17,0,-0.0008059100067159264,-0.0008059100067159264
613a3b65af082e9cb6fe48fb,2021-09-09 12:50:45,TSLA,tsrh_dc-2m_emkt_pog,buy,0.78783749,756.92,0,,
613a3b86af082e9cb6fe48fd,2021-09-09 12:51:18,AMD,tsrh_dc-2m_emkt_pog,buy,4.538023882,106.44,0,,
613a3b87af082e9cb6fe48ff,2021-09-09 12:51:19,AAPL,tsrh_dc-2m_emkt_pog,buy,2.522742164,155.09,0,,
613a3b88af082e9cb6fe4901,2021-09-09 12:51:20,MSFT,tsrh_dc-2m_emkt_pog,buy,1.059311383,299.17,0,,
613a3bc9af082e9cb6fe4903,2021-09-09 12:52:25,NVDA,tsrh_dc-2m_emkt_pog,buy,1.149216507,223.37,0,,
613a3ca3af082e9cb6fe4905,2021-09-09 12:56:03,TSLA,tsrh_dc-2m_emkt_pog,sell,0.78783749,757.035,0,0.00015193151191672527,0.00015193151191672527
613a3ca4af082e9cb6fe4907,2021-09-09 12:56:04,NVDA,tsrh_dc-2m_emkt_pog,sell,1.149216507,223.35,0,-8.953753861307145e-05,-8.95375386132935e-05
613a3cc5af082e9cb6fe4909,2021-09-09 12:56:37,AAPL,tsrh_dc-2m_emkt_pog,sell,2.522742164,154.91,0,-0.001160616416274518,-0.001160616416274518
613a3ce6af082e9cb6fe490b,2021-09-09 12:57:10,AMD,tsrh_dc-2m_emkt_pog,sell,4.538023882,106.46,0,0.00018789928598272887,0.00018789928598272887
613a3df0af082e9cb6fe490d,2021-09-09 13:01:36,MSFT,tsrh_dc-2m_emkt_pog,sell,1.059311383,298.81,0,-0.0012033292108166727,-0.0012033292108165616
613a3e16af082e9cb6fe490f,2021-09-09 13:02:14,AMD,tsrh_dc-1h_emkt_pog,sell,11.710568342,106.41,0,-0.0003757632691404611,-0.0003757632691404611
613a3edbaf082e9cb6fe4911,2021-09-09 13:05:30,NVDA,tsrh_dc-2m_emkt_pog,buy,2.673069001,223.04,0,,
613a3fc3af082e9cb6fe4913,2021-09-09 13:09:23,AMD,tsrh_dc-2m_emkt_pog,buy,4.532786382,106.54,0,,
613a4026af082e9cb6fe4915,2021-09-09 13:11:02,NVDA,tsrh_dc-2m_emkt_pog,sell,2.673069001,223.02,0,-8.967001434712074e-05,-8.967001434712074e-05
613a40f2af082e9cb6fe4917,2021-09-09 13:14:26,AMD,tsrh_dc-2m_emkt_pog,sell,4.532786382,106.66,0,0.0011263375258117048,0.0011263375258119268
613a4199af082e9cb6fe4919,2021-09-09 13:17:13,TSLA,tsrh_dc-2m_emkt_pog,buy,0.785580001,759.05,0,,
613a4304af082e9cb6fe491b,2021-09-09 13:23:16,AMD,tsrh_dc-2m_emkt_pog,buy,4.555300811,106.03,0,,
613a4304af082e9cb6fe491d,2021-09-09 13:23:16,MSFT,tsrh_dc-2m_emkt_pog,buy,1.312628154,298.05,0,,
613a437baf082e9cb6fe491f,2021-09-09 13:25:09,NVDA,tsrh_dc-2m_emkt_pog,buy,1.428614847,221.82,0,,
613a4460af082e9cb6fe4921,2021-09-09 13:29:04,TSLA,tsrh_dc-4h_emkt_pog,buy,2.035983596,755.9,0,,
613a448aaf082e9cb6fe4923,2021-09-09 13:29:46,AAPL,tsrh_dc-2m_emkt_pog,buy,1.662038525,154.44,0,,
613a4533af082e9cb6fe4925,2021-09-09 13:32:35,TSLA,tsrh_dc-2m_emkt_pog,sell,0.785580001,755.395,0,-0.004815229563269852,-0.004815229563269852
613a4559af082e9cb6fe4927,2021-09-09 13:33:13,AAPL,tsrh_dc-2m_emkt_pog,sell,1.662038525,154.49,0,0.00032375032375031587,0.0003237503237505379
613a455caf082e9cb6fe4929,2021-09-09 13:33:16,MSFT,tsrh_dc-2m_emkt_pog,sell,1.312628154,298.11,0,0.00020130850528432553,0.00020130850528432553
613a455daf082e9cb6fe492b,2021-09-09 13:33:17,NVDA,tsrh_dc-2m_emkt_pog,sell,1.428614847,221.84,0,9.016319538379669e-05,9.016319538357465e-05
613a45cacc3fbf69a3798e45,2021-09-09 13:35:06,AMD,tsrh_dc-2m_emkt_pog,sell,4.555300811,106.08,0,0.00047156465151365623,0.00047156465151365623
613a489dcc3fbf69a3798e47,2021-09-09 13:47:09,AMD,tsrh_dc-2m_emkt_pog,buy,5.608852597,106.23,0,,
613a48e4cc3fbf69a3798e49,2021-09-09 13:48:20,TSLA,tsrh_dc-2m_emkt_pog,buy,0.638273606,756.135,0,,
613a492bcc3fbf69a3798e4b,2021-09-09 13:49:31,MSFT,tsrh_dc-2m_emkt_pog,buy,1.313276517,297.67,0,,
613a492ccc3fbf69a3798e4d,2021-09-09 13:49:32,NVDA,tsrh_dc-2m_emkt_pog,buy,1.425377658,222.15,0,,
613a492dcc3fbf69a3798e4f,2021-09-09 13:49:33,MSFT,tsrh_dc-4h_emkt_pog,sell,6.294934235,297.63,0,-0.013915117781532649,-0.013915117781532538
613a4a83cc3fbf69a3798e51,2021-09-09 13:55:15,TSLA,tsrh_dc-2m_emkt_pog,sell,0.638273606,756.39,0,0.0003372413656290707,0.0003372413656290707
613a4b0bcc3fbf69a3798e53,2021-09-09 13:57:31,AAPL,tsrh_dc-2m_emkt_pog,buy,2.254100924,154.48,0,,
613a4bf0cc3fbf69a3798e55,2021-09-09 14:01:20,TSLA,tsrh_dc-2m_emkt_pog,buy,0.373258709,755.65,0,,
613a4ca0cc3fbf69a3798e57,2021-09-09 14:04:16,AAPL,tsrh_dc-2m_emkt_pog,sell,2.254100924,154.3,0,-0.0011651993785601888,-0.0011651993785601888
613a4ce2cc3fbf69a3798e59,2021-09-09 14:05:22,NVDA,tsrh_dc-2m_emkt_pog,sell,1.425377658,221.72,0,-0.0019356290794508846,-0.0019356290794508846
613a4dcbcc3fbf69a3798e5b,2021-09-09 14:09:15,AMD,tsrh_dc-2m_emkt_pog,sell,5.608852597,106.44,0,0.0019768426998023614,0.0019768426998021393
613a4e8dcc3fbf69a3798e5d,2021-09-09 14:12:29,TSLA,tsrh_dc-2m_emkt_pog,sell,0.373258709,757.925,0,0.0030106530801297104,0.0030106530801297104
613a50abcc3fbf69a3798e5f,2021-09-09 14:21:31,TSLA,tsrh_dc-4h_emkt_pog,sell,2.035983596,757.78,0,0.0024871014684482162,0.0024871014684482162
613a50cdcc3fbf69a3798e61,2021-09-09 14:22:05,AMD,tsrh_dc-2m_emkt_pog,buy,4.900681435,106.47,0,,
613a510ecc3fbf69a3798e63,2021-09-09 14:23:10,NVDA,tsrh_dc-2m_emkt_pog,buy,1.900607984,222.37,0,,
613a5150cc3fbf69a3798e65,2021-09-09 14:24:16,AAPL,tsrh_dc-2m_emkt_pog,buy,2.217926401,154.35,0,,
613a51f8cc3fbf69a3798e67,2021-09-09 14:27:04,TSLA,tsrh_dc-2m_emkt_pog,buy,0.366326824,756.955,0,,
613a51f9cc3fbf69a3798e69,2021-09-09 14:27:05,AAPL,tsrh_dc-2m_emkt_pog,sell,2.217926401,154.47,0,0.0007774538386784435,0.0007774538386784435
613a52c2cc3fbf69a3798e6b,2021-09-09 14:30:26,AMD,tsrh_dc-2m_emkt_pog,sell,4.900681435,106.43,0,-0.00037569268338488726,-0.00037569268338488726
613a52c3cc3fbf69a3798e6d,2021-09-09 14:30:27,MSFT,tsrh_dc-2m_emkt_pog,sell,1.313276517,297.62,0,-0.0001679712433231284,-0.00016797124332323943
613a5305cc3fbf69a3798e6f,2021-09-09 14:31:33,NVDA,tsrh_dc-2m_emkt_pog,sell,1.900607984,221.97,0,-0.0017988037954760339,-0.0017988037954761449
613a5376cc3fbf69a3798e71,2021-09-09 14:33:26,MSFT,tsrh_dc-2m_emkt_pog,buy,1.825464321,297.58,0,,
613a5460cc3fbf69a3798e73,2021-09-09 14:37:20,TSLA,tsrh_dc-2m_emkt_pog,sell,0.366326824,756.905,0,-6.605412474991468e-05,-6.605412474991468e-05
613a5461cc3fbf69a3798e75,2021-09-09 14:37:21,AAPL,tsrh_dc-2m_emkt_pog,buy,3.192042304,154.35,0,,
613a54cdcc3fbf69a3798e77,2021-09-09 14:39:09,AAPL,tsrh_dc-2m_emkt_pog,sell,3.192042304,154.17,0,-0.0011661807580175543,-0.0011661807580175543
613a5550cc3fbf69a3798e79,2021-09-09 14:41:20,AAPL,tsrh_dc-2m_emkt_pog,buy,3.196097598,154.12,0,,
613a55b8cc3fbf69a3798e7b,2021-09-09 14:43:04,MSFT,tsrh_dc-2m_emkt_pog,sell,1.825464321,297.42,0,-0.0005376705423750794,-0.0005376705423749684
613a567ccc3fbf69a3798e7d,2021-09-09 14:46:20,AAPL,tsrh_dc-2m_emkt_pog,sell,3.196097598,154.23,0,0.000713729561380605,0.000713729561380605
613a57a6cc3fbf69a3798e7f,2021-09-09 14:51:18,TSLA,tsrh_dc-2m_emkt_pog,buy,0.788833555,755.3,0,,
613a5833cc3fbf69a3798e81,2021-09-09 14:53:39,TSLA,tsrh_dc-2m_emkt_pog,sell,0.788833555,755.44,0,0.00018535681186304664,0.00018535681186304664
613a5a09cc3fbf69a3798e83,2021-09-09 15:01:29,AMD,tsrh_dc-2m_emkt_pog,buy,5.588322706,106.62,0,,
613a5a0acc3fbf69a3798e85,2021-09-09 15:01:30,AAPL,tsrh_dc-2m_emkt_pog,buy,3.122944501,154.54,0,,
613a5a0bcc3fbf69a3798e87,2021-09-09 15:01:31,MSFT,tsrh_dc-2m_emkt_pog,buy,1.311115083,298.16,0,,
613a5a6dcc3fbf69a3798e89,2021-09-09 15:03:09,NVDA,tsrh_dc-2m_emkt_pog,buy,1.421790127,222.71,0,,
613a5af1cc3fbf69a3798e8b,2021-09-09 15:05:21,TSLA,tsrh_dc-2m_emkt_pog,buy,0.339060449,756.455,0,,
613a5c67cc3fbf69a3798e8d,2021-09-09 15:11:35,AMD,tsrh_dc-2m_emkt_pog,sell,5.588322706,106.6,0,-0.00018758206715452364,-0.0001875820671544126
613a5c68cc3fbf69a3798e8f,2021-09-09 15:11:36,NVDA,tsrh_dc-2m_emkt_pog,sell,1.421790127,222.59,0,-0.0005388172960352211,-0.0005388172960352211
613a5cd0cc3fbf69a3798e91,2021-09-09 15:13:20,NVDA,tsrh_dc-2m_emkt_pog,buy,1.712205229,222.56,0,,
613a5d53cc3fbf69a3798e93,2021-09-09 15:15:31,AMD,tsrh_dc-2m_emkt_pog,buy,2.897178529,106.54,0,,
613a5db5cc3fbf69a3798e95,2021-09-09 15:17:09,AAPL,tsrh_dc-2m_emkt_pog,sell,3.122944501,154.25,0,-0.001876536818946506,-0.001876536818946506
613a5db6cc3fbf69a3798e97,2021-09-09 15:17:10,MSFT,tsrh_dc-2m_emkt_pog,sell,1.311115083,297.66,0,-0.0016769519720954973,-0.0016769519720954973
613a5db6cc3fbf69a3798e99,2021-09-09 15:17:10,NVDA,tsrh_dc-2m_emkt_pog,sell,1.712205229,222.44,0,-0.0005391804457225424,-0.0005391804457225424
613a5e3acc3fbf69a3798e9b,2021-09-09 15:19:22,AMD,tsrh_dc-2m_emkt_pog,sell,2.897178529,106.44,0,-0.0009386146048433464,-0.0009386146048433464
613a5f65cc3fbf69a3798e9d,2021-09-09 15:24:21,TSLA,tsrh_dc-2m_emkt_pog,sell,0.339060449,754.915,0,-0.002035811779947383,-0.002035811779947272
613a61f2cc3fbf69a3798e9f,2021-09-09 15:35:14,MSFT,tsrh_dc-2m_emkt_pog,buy,2.000616335,297.55,0,,
613a63e4cc3fbf69a3798ea1,2021-09-09 15:43:32,TSLA,tsrh_dc-2m_emkt_pog,buy,0.638124383,755.62,0,,
613a63e5cc3fbf69a3798ea3,2021-09-09 15:43:33,AAPL,tsrh_dc-2m_emkt_pog,buy,2.528913705,154.44,0,,
613a6450cc3fbf69a3798ea5,2021-09-09 15:45:20,MSFT,tsrh_dc-2m_emkt_pog,sell,2.000616335,297.81,0,0.0008738027222314759,0.0008738027222314759
613a65fccc3fbf69a3798ea7,2021-09-09 15:52:28,AMD,tsrh_dc-2m_emkt_pog,buy,4.046351498,106.16,0,,
613a6643cc3fbf69a3798ea9,2021-09-09 15:53:39,AAPL,tsrh_dc-2m_emkt_pog,sell,2.528913705,154.105,0,-0.002169127169127205,-0.002169127169127316
613a66a5cc3fbf69a3798eab,2021-09-09 15:55:16,TSLA,tsrh_dc-2m_emkt_pog,sell,0.638124383,755.295,0,-0.00043011037293883003,-0.00043011037293883003
613a6726cc3fbf69a3798ead,2021-09-09 15:57:26,MSFT,tsrh_dc-2m_emkt_pog,buy,1.728885114,297.05,0,,
